{
  "timestamp": "20250605_232934",
  "total_timesteps": 90000,
  "recent_episodes_count": 100,
  "success_rate": 0.17,
  "successful_episodes": {
    "count": 17,
    "avg_reward": 103.18982417647058,
    "avg_length": 150.0,
    "avg_battery_used": 0.5751849583313879,
    "best_routes": [
      {
        "reward": 149.199844,
        "length": 150,
        "timestep": 75600,
        "success": true,
        "battery_used": 0,
        "recharge_count": 7,
        "pickup_done": true,
        "delivery_done": true,
        "termination_reason": "max_steps_reached",
        "curriculum_level": 0,
        "path": [
          8,
          76,
          401,
          73,
          76,
          401,
          74,
          75,
          386,
          358,
          211,
          130,
          375,
          130,
          73,
          74,
          73,
          401,
          73,
          77,
          74,
          405,
          401,
          76,
          386,
          77,
          386,
          401,
          77,
          358,
          249,
          397,
          45,
          370,
          46,
          45,
          381,
          49,
          370,
          49,
          370,
          49,
          381,
          370,
          45,
          46,
          381,
          370,
          76,
          8,
          73,
          75,
          76,
          8,
          75,
          370,
          47,
          48,
          3,
          49,
          397,
          45,
          48,
          370,
          249,
          175,
          108,
          288,
          108,
          405,
          130,
          413,
          107,
          338,
          405,
          107,
          338,
          375,
          374,
          337,
          129,
          413,
          129,
          106,
          129,
          374,
          129,
          337,
          129,
          107,
          287,
          290,
          107,
          413,
          305,
          129,
          128,
          120,
          105,
          0,
          24,
          23,
          105,
          336,
          128,
          364,
          376,
          21,
          0
        ],
        "route_description": "Hub8 \u2192 Charge76 \u2192 pickup401 \u2192 Charge73 \u2192 Charge76 \u2192 pickup401 \u2192 Charge74 \u2192 Charge75 \u2192 delivery386 \u2192 Charge358 \u2192 Charge211 \u2192 Charge130 \u2192 Charge375 \u2192 Charge130 \u2192 Charge73 \u2192 Charge74 \u2192 Charge73 \u2192 pickup401 \u2192 Charge73 \u2192 Charge77 \u2192 Charge74 \u2192 PICKUP405* \u2192 pickup401 \u2192 Charge76 \u2192 delivery386 \u2192 Charge77 \u2192 delivery386 \u2192 pickup401 \u2192 Charge77 \u2192 Charge358 \u2192 Charge249 \u2192 pickup397 \u2192 Charge45 \u2192 Charge370 \u2192 Charge46 \u2192 Charge45 \u2192 DELIVERY381* \u2192 Charge49 \u2192 Charge370 \u2192 Charge49 \u2192 Charge370 \u2192 Charge49 \u2192 DELIVERY381* \u2192 Charge370 \u2192 Charge45 \u2192 Charge46 \u2192 DELIVERY381* \u2192 Charge370 \u2192 Charge76 \u2192 Hub8 \u2192 Charge73 \u2192 Charge75 \u2192 Charge76 \u2192 Hub8 \u2192 Charge75 \u2192 Charge370 \u2192 Charge47 \u2192 Charge48 \u2192 Hub3 \u2192 Charge49 \u2192 pickup397 \u2192 Charge45 \u2192 Charge48 \u2192 Charge370 \u2192 Charge249 \u2192 Charge175 \u2192 Charge108 \u2192 Charge288 \u2192 Charge108 \u2192 PICKUP405* \u2192 Charge130 \u2192 pickup413 \u2192 Charge107 \u2192 Charge338 \u2192 PICKUP405* \u2192 Charge107 \u2192 Charge338 \u2192 Charge375 \u2192 Charge374 \u2192 Charge337 \u2192 Charge129 \u2192 pickup413 \u2192 Charge129 \u2192 Charge106 \u2192 Charge129 \u2192 Charge374 \u2192 Charge129 \u2192 Charge337 \u2192 Charge129 \u2192 Charge107 \u2192 Charge287 \u2192 Charge290 \u2192 Charge107 \u2192 pickup413 \u2192 Charge305 \u2192 Charge129 \u2192 Charge128 \u2192 Charge120 \u2192 Charge105 \u2192 Hub0 \u2192 Charge24 \u2192 Charge23 \u2192 Charge105 \u2192 Charge336 \u2192 Charge128 \u2192 Charge364 \u2192 delivery376 \u2192 Charge21 \u2192 Hub0"
      },
      {
        "reward": 125.845514,
        "length": 150,
        "timestep": 79200,
        "success": true,
        "battery_used": 0,
        "recharge_count": 11,
        "pickup_done": true,
        "delivery_done": true,
        "termination_reason": "max_steps_reached",
        "curriculum_level": 0,
        "path": [
          9,
          377,
          215,
          9,
          27,
          9,
          136,
          260,
          377,
          26,
          28,
          260,
          26,
          215,
          263,
          403,
          85,
          403,
          131,
          260,
          377,
          9,
          259,
          181,
          250,
          145,
          136,
          259,
          44,
          104,
          279,
          104,
          269,
          41,
          44,
          42,
          380,
          43,
          44,
          181,
          216,
          250,
          259,
          104,
          269,
          41,
          408,
          259,
          42,
          44,
          104,
          269,
          104,
          44,
          380,
          216,
          136,
          279,
          180,
          181,
          262,
          136,
          279,
          181,
          279,
          262,
          216,
          250,
          104,
          259,
          42,
          43,
          136,
          9,
          216,
          181,
          104,
          250,
          104,
          279,
          216,
          9,
          28,
          377,
          25,
          261,
          263,
          403,
          150,
          85,
          263,
          131,
          85,
          403,
          131,
          251,
          132,
          252,
          192,
          133,
          159
        ],
        "route_description": "Hub9 \u2192 DELIVERY377* \u2192 Charge215 \u2192 Hub9 \u2192 Charge27 \u2192 Hub9 \u2192 Charge136 \u2192 Charge260 \u2192 DELIVERY377* \u2192 Charge26 \u2192 Charge28 \u2192 Charge260 \u2192 Charge26 \u2192 Charge215 \u2192 Charge263 \u2192 pickup403 \u2192 Charge85 \u2192 pickup403 \u2192 Charge131 \u2192 Charge260 \u2192 DELIVERY377* \u2192 Hub9 \u2192 Charge259 \u2192 Charge181 \u2192 Charge250 \u2192 Charge145 \u2192 Charge136 \u2192 Charge259 \u2192 Charge44 \u2192 Charge104 \u2192 Charge279 \u2192 Charge104 \u2192 Charge269 \u2192 Charge41 \u2192 Charge44 \u2192 Charge42 \u2192 delivery380 \u2192 Charge43 \u2192 Charge44 \u2192 Charge181 \u2192 Charge216 \u2192 Charge250 \u2192 Charge259 \u2192 Charge104 \u2192 Charge269 \u2192 Charge41 \u2192 PICKUP408* \u2192 Charge259 \u2192 Charge42 \u2192 Charge44 \u2192 Charge104 \u2192 Charge269 \u2192 Charge104 \u2192 Charge44 \u2192 delivery380 \u2192 Charge216 \u2192 Charge136 \u2192 Charge279 \u2192 Charge180 \u2192 Charge181 \u2192 Charge262 \u2192 Charge136 \u2192 Charge279 \u2192 Charge181 \u2192 Charge279 \u2192 Charge262 \u2192 Charge216 \u2192 Charge250 \u2192 Charge104 \u2192 Charge259 \u2192 Charge42 \u2192 Charge43 \u2192 Charge136 \u2192 Hub9 \u2192 Charge216 \u2192 Charge181 \u2192 Charge104 \u2192 Charge250 \u2192 Charge104 \u2192 Charge279 \u2192 Charge216 \u2192 Hub9 \u2192 Charge28 \u2192 DELIVERY377* \u2192 Charge25 \u2192 Charge261 \u2192 Charge263 \u2192 pickup403 \u2192 Charge150 \u2192 Charge85 \u2192 Charge263 \u2192 Charge131 \u2192 Charge85 \u2192 pickup403 \u2192 Charge131 \u2192 Charge251 \u2192 Charge132 \u2192 Charge252 \u2192 Charge192 \u2192 Charge133 \u2192 Charge159"
      },
      {
        "reward": 123.414454,
        "length": 150,
        "timestep": 79200,
        "success": true,
        "battery_used": 0,
        "recharge_count": 10,
        "pickup_done": true,
        "delivery_done": true,
        "termination_reason": "max_steps_reached",
        "curriculum_level": 0,