{
  "timestamp": "20250605_232901",
  "total_timesteps": 20000,
  "recent_episodes_count": 100,
  "success_rate": 0.14,
  "successful_episodes": {
    "count": 14,
    "avg_reward": 104.48990128571427,
    "avg_length": 150.0,
    "avg_battery_used": 7.134004606992748,
    "best_routes": [
      {
        "reward": 146.285019,
        "length": 150,
        "timestep": 18000,
        "success": true,
        "battery_used": 0,
        "recharge_count": 9,
        "pickup_done": true,
        "delivery_done": true,
        "termination_reason": "max_steps_reached",
        "curriculum_level": 0,
        "path": [
          8,
          76,
          401,
          412,
          76,
          8,
          75,
          77,
          401,
          73,
          74,
          412,
          370,
          397,
          48,
          397,
          381,
          370,
          46,
          50,
          46,
          3,
          47,
          397,
          381,
          249,
          397,
          381,
          249,
          370,
          47,
          50,
          381,
          48,
          46,
          3,
          47,
          397,
          47,
          46,
          370,
          175,
          249,
          397,
          249,
          175,
          288,
          107,
          338,
          107,
          210,
          406,
          362,
          406,
          122,
          361,
          362,
          290,
          406,
          286,
          290,
          362,
          291,
          209,
          290,
          174,
          210,
          287,
          406,
          291,
          363,
          120,
          78,
          97,
          335,
          0,
          241,
          23,
          364,
          376,
          242,
          204,
          164,
          276,
          110,
          334,
          348,
          334,
          276,
          203,
          333,
          276,
          414,
          294,
          295,
          402,
          331,
          112,
          317,
          55,
          326,
          296,
          317,
          296,
          331
        ],
        "route_description": "Hub8 \u2192 Charge76 \u2192 pickup401 \u2192 PICKUP412* \u2192 Charge76 \u2192 Hub8 \u2192 Charge75 \u2192 Charge77 \u2192 pickup401 \u2192 Charge73 \u2192 Charge74 \u2192 PICKUP412* \u2192 Charge370 \u2192 pickup397 \u2192 Charge48 \u2192 pickup397 \u2192 DELIVERY381* \u2192 Charge370 \u2192 Charge46 \u2192 Charge50 \u2192 Charge46 \u2192 Hub3 \u2192 Charge47 \u2192 pickup397 \u2192 DELIVERY381* \u2192 Charge249 \u2192 pickup397 \u2192 DELIVERY381* \u2192 Charge249 \u2192 Charge370 \u2192 Charge47 \u2192 Charge50 \u2192 DELIVERY381* \u2192 Charge48 \u2192 Charge46 \u2192 Hub3 \u2192 Charge47 \u2192 pickup397 \u2192 Charge47 \u2192 Charge46 \u2192 Charge370 \u2192 Charge175 \u2192 Charge249 \u2192 pickup397 \u2192 Charge249 \u2192 Charge175 \u2192 Charge288 \u2192 Charge107 \u2192 Charge338 \u2192 Charge107 \u2192 Charge210 \u2192 pickup406 \u2192 Charge362 \u2192 pickup406 \u2192 Charge122 \u2192 Charge361 \u2192 Charge362 \u2192 Charge290 \u2192 pickup406 \u2192 Charge286 \u2192 Charge290 \u2192 Charge362 \u2192 Charge291 \u2192 Charge209 \u2192 Charge290 \u2192 Charge174 \u2192 Charge210 \u2192 Charge287 \u2192 pickup406 \u2192 Charge291 \u2192 Charge363 \u2192 Charge120 \u2192 Charge78 \u2192 Charge97 \u2192 Charge335 \u2192 Hub0 \u2192 Charge241 \u2192 Charge23 \u2192 Charge364 \u2192 delivery376 \u2192 Charge242 \u2192 Charge204 \u2192 Charge164 \u2192 Charge276 \u2192 Charge110 \u2192 Charge334 \u2192 Charge348 \u2192 Charge334 \u2192 Charge276 \u2192 Charge203 \u2192 Charge333 \u2192 Charge276 \u2192 pickup414 \u2192 Charge294 \u2192 Charge295 \u2192 pickup402 \u2192 Charge331 \u2192 Charge112 \u2192 Charge317 \u2192 Charge55 \u2192 Charge326 \u2192 Charge296 \u2192 Charge317 \u2192 Charge296 \u2192 Charge331"
      },
      {
        "reward": 145.178915,
        "length": 150,
        "timestep": 6000,
        "success": true,
        "battery_used": 0,
        "recharge_count": 12,
        "pickup_done": true,
        "delivery_done": true,
        "termination_reason": "max_steps_reached",
        "curriculum_level": 0,
        "path": [
          2,
          231,
          40,
          35,
          379,
          40,
          35,
          411,
          379,
          37,
          411,
          379,
          36,
          2,
          40,
          410,
          234,
          218,
          234,
          268,
          234,
          268,
          245,
          268,
          155,
          244,
          340,
          244,
          340,
          155,
          217,
          410,
          379,
          39,
          37,
          36,
          38,
          233,
          40,
          231,
          40,
          37,
          38,
          395,
          135,
          212,
          135,
          212,
          222,
          96,
          267,
          96,
          244,
          267,
          96,
          235,
          178,
          222,
          96,
          178,
          153,
          339,
          152,
          5,
          383,
          398,
          383,
          5,
          152,
          168,
          265,
          223,
          266,
          223,
          302,
          223,
          302,
          352,
          177,
          153,
          178,
          266,
          223,
          352,
          177,
          265,
          303,
          232,
          303,
          342,
          168,
          138,
          351,
          213,
          57,
          5,
          214,
          151,
          28,
          377,
          27,
          26,
          27,
          9,
          260,
          28,
          27,
          215
        ],
        "route_description": "Hub2 \u2192 Charge231 \u2192 Charge40 \u2192 Charge35 \u2192 delivery379 \u2192 Charge40 \u2192 Charge35 \u2192 PICKUP411* \u2192 delivery379 \u2192 Charge37 \u2192 PICKUP411* \u2192 delivery379 \u2192 Charge36 \u2192 Hub2 \u2192 Charge40 \u2192 pickup410 \u2192 Charge234 \u2192 Charge218 \u2192 Charge234 \u2192 Charge268 \u2192 Charge234 \u2192 Charge268 \u2192 Charge245 \u2192 Charge268 \u2192 Charge155 \u2192 Charge244 \u2192 Charge340 \u2192 Charge244 \u2192 Charge340 \u2192 Charge155 \u2192 Charge217 \u2192 pickup410 \u2192 delivery379 \u2192 Charge39 \u2192 Charge37 \u2192 Charge36 \u2192 Charge38 \u2192 Charge233 \u2192 Charge40 \u2192 Charge231 \u2192 Charge40 \u2192 Charge37 \u2192 Charge38 \u2192 delivery395 \u2192 Charge135 \u2192 Charge212 \u2192 Charge135 \u2192 Charge212 \u2192 Charge222 \u2192 Charge96 \u2192 Charge267 \u2192 Charge96 \u2192 Charge244 \u2192 Charge267 \u2192 Charge96 \u2192 Charge235 \u2192 Charge178 \u2192 Charge222 \u2192 Charge96 \u2192 Charge178 \u2192 Charge153 \u2192 Charge339 \u2192 Charge152 \u2192 Hub5 \u2192 DELIVERY383* \u2192 pickup398 \u2192 DELIVERY383* \u2192 Hub5 \u2192 Charge152 \u2192 Charge168 \u2192 Charge265 \u2192 Charge223 \u2192 Charge266 \u2192 Charge223 \u2192 Charge302 \u2192 Charge223 \u2192 Charge302 \u2192 Charge352 \u2192 Charge177 \u2192 Charge153 \u2192 Charge178 \u2192 Charge266 \u2192 Charge223 \u2192 Charge352 \u2192 Charge177 \u2192 Charge265 \u2192 Charge303 \u2192 Charge232 \u2192 Charge303 \u2192 Charge342 \u2192 Charge168 \u2192 Charge138 \u2192 Charge351 \u2192 Charge213 \u2192 Charge57 \u2192 Hub5 \u2192 Charge214 \u2192 Charge151 \u2192 Charge28 \u2192 delivery377 \u2192 Charge27 \u2192 Charge26 \u2192 Charge27 \u2192 Hub9 \u2192 Charge260 \u2192 Charge28 \u2192 Charge27 \u2192 Charge215"
      },
      {
        "reward": 143.769233,
        "length": 150,
        "timestep": 6000,
        "success": true,
        "battery_used": 0,
        "recharge_count": 11,
        "pickup_done": true,
        "delivery_done": true,
        "termination_reason": "max_steps_reached",