{
  "timestamp": "20250605_232910",
  "total_timesteps": 40000,
  "recent_episodes_count": 100,
  "success_rate": 0.12,
  "successful_episodes": {
    "count": 12,
    "avg_reward": 108.63545133333334,
    "avg_length": 150.0,
    "avg_battery_used": 0.0,
    "best_routes": [
      {
        "reward": 146.774673,
        "length": 150,
        "timestep": 30000,
        "success": true,
        "battery_used": 0,
        "recharge_count": 10,
        "pickup_done": true,
        "delivery_done": true,
        "termination_reason": "max_steps_reached",
        "curriculum_level": 0,
        "path": [
          3,
          47,
          46,
          175,
          358,
          289,
          287,
          357,
          248,
          297,
          258,
          304,
          47,
          3,
          397,
          381,
          45,
          48,
          49,
          397,
          46,
          358,
          76,
          386,
          8,
          75,
          74,
          401,
          74,
          130,
          374,
          375,
          374,
          373,
          374,
          375,
          305,
          375,
          374,
          129,
          338,
          405,
          288,
          175,
          288,
          175,
          74,
          76,
          8,
          386,
          401,
          77,
          75,
          74,
          75,
          358,
          397,
          46,
          50,
          47,
          381,
          249,
          47,
          45,
          358,
          108,
          288,
          108,
          289,
          210,
          357,
          187,
          357,
          108,
          211,
          107,
          287,
          107,
          210,
          174,
          289,
          287,
          290,
          287,
          187,
          297,
          174,
          144,
          16,
          247,
          220,
          367,
          66,
          367,
          219,
          359,
          246,
          407,
          142,
          355,
          299,
          124,
          407,
          142,
          407,
          246,
          407
        ],
        "route_description": "Hub3 \u2192 Charge47 \u2192 Charge46 \u2192 Charge175 \u2192 Charge358 \u2192 Charge289 \u2192 Charge287 \u2192 Charge357 \u2192 Charge248 \u2192 Charge297 \u2192 Charge258 \u2192 Charge304 \u2192 Charge47 \u2192 Hub3 \u2192 PICKUP397* \u2192 delivery381 \u2192 Charge45 \u2192 Charge48 \u2192 Charge49 \u2192 PICKUP397* \u2192 Charge46 \u2192 Charge358 \u2192 Charge76 \u2192 DELIVERY386* \u2192 Hub8 \u2192 Charge75 \u2192 Charge74 \u2192 pickup401 \u2192 Charge74 \u2192 Charge130 \u2192 Charge374 \u2192 Charge375 \u2192 Charge374 \u2192 Charge373 \u2192 Charge374 \u2192 Charge375 \u2192 Charge305 \u2192 Charge375 \u2192 Charge374 \u2192 Charge129 \u2192 Charge338 \u2192 pickup405 \u2192 Charge288 \u2192 Charge175 \u2192 Charge288 \u2192 Charge175 \u2192 Charge74 \u2192 Charge76 \u2192 Hub8 \u2192 DELIVERY386* \u2192 pickup401 \u2192 Charge77 \u2192 Charge75 \u2192 Charge74 \u2192 Charge75 \u2192 Charge358 \u2192 PICKUP397* \u2192 Charge46 \u2192 Charge50 \u2192 Charge47 \u2192 delivery381 \u2192 Charge249 \u2192 Charge47 \u2192 Charge45 \u2192 Charge358 \u2192 Charge108 \u2192 Charge288 \u2192 Charge108 \u2192 Charge289 \u2192 Charge210 \u2192 Charge357 \u2192 Charge187 \u2192 Charge357 \u2192 Charge108 \u2192 Charge211 \u2192 Charge107 \u2192 Charge287 \u2192 Charge107 \u2192 Charge210 \u2192 Charge174 \u2192 Charge289 \u2192 Charge287 \u2192 Charge290 \u2192 Charge287 \u2192 Charge187 \u2192 Charge297 \u2192 Charge174 \u2192 Charge144 \u2192 Hub16 \u2192 Charge247 \u2192 Charge220 \u2192 Charge367 \u2192 Charge66 \u2192 Charge367 \u2192 Charge219 \u2192 Charge359 \u2192 Charge246 \u2192 pickup407 \u2192 Charge142 \u2192 Charge355 \u2192 Charge299 \u2192 Charge124 \u2192 pickup407 \u2192 Charge142 \u2192 pickup407 \u2192 Charge246 \u2192 pickup407"
      },
      {
        "reward": 146.2498,
        "length": 150,
        "timestep": 28800,
        "success": true,
        "battery_used": 0,
        "recharge_count": 8,
        "pickup_done": true,
        "delivery_done": true,
        "termination_reason": "max_steps_reached",
        "curriculum_level": 0,
        "path": [
          1,
          30,
          102,
          314,
          390,
          147,
          103,
          180,
          279,
          104,
          262,
          250,
          279,
          181,
          146,
          103,
          181,
          250,
          145,
          157,
          251,
          180,
          280,
          132,
          263,
          145,
          251,
          263,
          261,
          157,
          137,
          167,
          261,
          157,
          131,
          85,
          157,
          280,
          315,
          281,
          158,
          315,
          193,
          84,
          281,
          159,
          83,
          252,
          133,
          314,
          32,
          1,
          30,
          34,
          396,
          101,
          1,
          101,
          29,
          396,
          378,
          29,
          34,
          29,
          34,
          32,
          30,
          1,
          31,
          1,
          32,
          34,
          226,
          182,
          206,
          200,
          100,
          89,
          415,
          344,
          415,
          182,
          225,
          195,
          282,
          388,
          83,
          192,
          388,
          159,
          281,
          315,
          132,
          281,
          84,
          193,
          281,
          179,
          314,
          102,
          30,
          396,
          101,
          396,
          33,
          29,
          31,
          159,
          192,
          388,
          195,
          225
        ],
        "route_description": "Hub1 \u2192 Charge30 \u2192 Charge102 \u2192 Charge314 \u2192 delivery390 \u2192 Charge147 \u2192 Charge103 \u2192 Charge180 \u2192 Charge279 \u2192 Charge104 \u2192 Charge262 \u2192 Charge250 \u2192 Charge279 \u2192 Charge181 \u2192 Charge146 \u2192 Charge103 \u2192 Charge181 \u2192 Charge250 \u2192 Charge145 \u2192 Charge157 \u2192 Charge251 \u2192 Charge180 \u2192 Charge280 \u2192 Charge132 \u2192 Charge263 \u2192 Charge145 \u2192 Charge251 \u2192 Charge263 \u2192 Charge261 \u2192 Charge157 \u2192 Charge137 \u2192 Charge167 \u2192 Charge261 \u2192 Charge157 \u2192 Charge131 \u2192 Charge85 \u2192 Charge157 \u2192 Charge280 \u2192 Charge315 \u2192 Charge281 \u2192 Charge158 \u2192 Charge315 \u2192 Charge193 \u2192 Charge84 \u2192 Charge281 \u2192 Charge159 \u2192 Charge83 \u2192 Charge252 \u2192 Charge133 \u2192 Charge314 \u2192 Charge32 \u2192 Hub1 \u2192 Charge30 \u2192 Charge34 \u2192 PICKUP396* \u2192 Charge101 \u2192 Hub1 \u2192 Charge101 \u2192 Charge29 \u2192 PICKUP396* \u2192 DELIVERY378* \u2192 Charge29 \u2192 Charge34 \u2192 Charge29 \u2192 Charge34 \u2192 Charge32 \u2192 Charge30 \u2192 Hub1 \u2192 Charge31 \u2192 Hub1 \u2192 Charge32 \u2192 Charge34 \u2192 Charge226 \u2192 Charge182 \u2192 Charge206 \u2192 Charge200 \u2192 Charge100 \u2192 Charge89 \u2192 pickup415 \u2192 Charge344 \u2192 pickup415 \u2192 Charge182 \u2192 Charge225 \u2192 Charge195 \u2192 Charge282 \u2192 delivery388 \u2192 Charge83 \u2192 Charge192 \u2192 delivery388 \u2192 Charge159 \u2192 Charge281 \u2192 Charge315 \u2192 Charge132 \u2192 Charge281 \u2192 Charge84 \u2192 Charge193 \u2192 Charge281 \u2192 Charge179 \u2192 Charge314 \u2192 Charge102 \u2192 Charge30 \u2192 PICKUP396* \u2192 Charge101 \u2192 PICKUP396* \u2192 Charge33 \u2192 Charge29 \u2192 Charge31 \u2192 Charge159 \u2192 Charge192 \u2192 delivery388 \u2192 Charge195 \u2192 Charge225"
      },
      {
        "reward": 140.152999,
        "length": 150,
        "timestep": 32400,