{
  "timestamp": "20250605_232919",
  "total_timesteps": 60000,
  "recent_episodes_count": 100,
  "success_rate": 0.18,
  "successful_episodes": {
    "count": 18,
    "avg_reward": 106.227381,
    "avg_length": 150.0,
    "avg_battery_used": 0.5533113972134716,
    "best_routes": [
      {
        "reward": 142.845812,
        "length": 150,
        "timestep": 54000,
        "success": true,
        "battery_used": 0,
        "recharge_count": 13,
        "pickup_done": true,
        "delivery_done": true,
        "termination_reason": "max_steps_reached",
        "curriculum_level": 0,
        "path": [
          7,
          67,
          17,
          385,
          330,
          69,
          385,
          71,
          400,
          71,
          67,
          330,
          385,
          330,
          68,
          400,
          371,
          308,
          18,
          309,
          366,
          127,
          72,
          71,
          394,
          17,
          67,
          68,
          330,
          68,
          69,
          68,
          7,
          70,
          309,
          366,
          205,
          350,
          366,
          11,
          205,
          243,
          18,
          308,
          372,
          307,
          389,
          129,
          305,
          107,
          210,
          290,
          406,
          290,
          210,
          290,
          107,
          305,
          306,
          389,
          373,
          372,
          389,
          307,
          393,
          364,
          22,
          23,
          24,
          365,
          23,
          0,
          20,
          24,
          376,
          20,
          23,
          22,
          241,
          20,
          365,
          387,
          350,
          329,
          204,
          349,
          365,
          242,
          21,
          20,
          21,
          20,
          22,
          21,
          20,
          23,
          128,
          106,
          107,
          337,
          129,
          306,
          413,
          106,
          306
        ],
        "route_description": "Hub7 \u2192 Charge67 \u2192 Hub17 \u2192 delivery385 \u2192 Charge330 \u2192 Charge69 \u2192 delivery385 \u2192 Charge71 \u2192 PICKUP400* \u2192 Charge71 \u2192 Charge67 \u2192 Charge330 \u2192 delivery385 \u2192 Charge330 \u2192 Charge68 \u2192 PICKUP400* \u2192 Charge371 \u2192 Charge308 \u2192 Hub18 \u2192 Charge309 \u2192 Charge366 \u2192 Charge127 \u2192 Charge72 \u2192 Charge71 \u2192 delivery394 \u2192 Hub17 \u2192 Charge67 \u2192 Charge68 \u2192 Charge330 \u2192 Charge68 \u2192 Charge69 \u2192 Charge68 \u2192 Hub7 \u2192 Charge70 \u2192 Charge309 \u2192 Charge366 \u2192 Charge205 \u2192 Charge350 \u2192 Charge366 \u2192 Hub11 \u2192 Charge205 \u2192 Charge243 \u2192 Hub18 \u2192 Charge308 \u2192 Charge372 \u2192 Charge307 \u2192 delivery389 \u2192 Charge129 \u2192 Charge305 \u2192 Charge107 \u2192 Charge210 \u2192 Charge290 \u2192 pickup406 \u2192 Charge290 \u2192 Charge210 \u2192 Charge290 \u2192 Charge107 \u2192 Charge305 \u2192 Charge306 \u2192 delivery389 \u2192 Charge373 \u2192 Charge372 \u2192 delivery389 \u2192 Charge307 \u2192 delivery393 \u2192 Charge364 \u2192 Charge22 \u2192 Charge23 \u2192 Charge24 \u2192 Charge365 \u2192 Charge23 \u2192 Hub0 \u2192 Charge20 \u2192 Charge24 \u2192 delivery376 \u2192 Charge20 \u2192 Charge23 \u2192 Charge22 \u2192 Charge241 \u2192 Charge20 \u2192 Charge365 \u2192 DELIVERY387* \u2192 Charge350 \u2192 Charge329 \u2192 Charge204 \u2192 Charge349 \u2192 Charge365 \u2192 Charge242 \u2192 Charge21 \u2192 Charge20 \u2192 Charge21 \u2192 Charge20 \u2192 Charge22 \u2192 Charge21 \u2192 Charge20 \u2192 Charge23 \u2192 Charge128 \u2192 Charge106 \u2192 Charge107 \u2192 Charge337 \u2192 Charge129 \u2192 Charge306 \u2192 pickup413 \u2192 Charge106 \u2192 Charge306"
      },
      {
        "reward": 138.977651,
        "length": 150,
        "timestep": 54000,
        "success": true,
        "battery_used": 0,
        "recharge_count": 12,
        "pickup_done": true,
        "delivery_done": true,
        "termination_reason": "max_steps_reached",
        "curriculum_level": 0,
        "path": [
          5,
          134,
          232,
          152,
          59,
          134,
          232,
          213,
          383,
          60,
          213,
          383,
          398,
          58,
          152,
          57,
          152,
          59,
          151,
          214,
          403,
          85,
          403,
          85,
          261,
          214,
          57,
          60,
          213,
          60,
          58,
          214,
          150,
          25,
          9,
          216,
          9,
          377,
          131,
          215,
          28,
          9,
          26,
          28,
          25,
          215,
          145,
          250,
          104,
          269,
          250,
          279,
          44,
          408,
          259,
          279,
          181,
          262,
          250,
          146,
          251,
          158,
          315,
          193,
          83,
          315,
          252,
          315,
          84,
          252,
          84,
          251,
          84,
          281,
          83,
          388,
          176,
          253,
          83,
          282,
          82,
          182,
          195,
          343,
          253,
          225,
          117,
          283,
          117,
          195,
          388,
          282,
          195,
          82,
          195,
          176,
          388,
          176,
          83,
          252,
          281,
          83,
          281,
          132
        ],
        "route_description": "Hub5 \u2192 Charge134 \u2192 Charge232 \u2192 Charge152 \u2192 Charge59 \u2192 Charge134 \u2192 Charge232 \u2192 Charge213 \u2192 delivery383 \u2192 Charge60 \u2192 Charge213 \u2192 delivery383 \u2192 pickup398 \u2192 Charge58 \u2192 Charge152 \u2192 Charge57 \u2192 Charge152 \u2192 Charge59 \u2192 Charge151 \u2192 Charge214 \u2192 PICKUP403* \u2192 Charge85 \u2192 PICKUP403* \u2192 Charge85 \u2192 Charge261 \u2192 Charge214 \u2192 Charge57 \u2192 Charge60 \u2192 Charge213 \u2192 Charge60 \u2192 Charge58 \u2192 Charge214 \u2192 Charge150 \u2192 Charge25 \u2192 Hub9 \u2192 Charge216 \u2192 Hub9 \u2192 delivery377 \u2192 Charge131 \u2192 Charge215 \u2192 Charge28 \u2192 Hub9 \u2192 Charge26 \u2192 Charge28 \u2192 Charge25 \u2192 Charge215 \u2192 Charge145 \u2192 Charge250 \u2192 Charge104 \u2192 Charge269 \u2192 Charge250 \u2192 Charge279 \u2192 Charge44 \u2192 pickup408 \u2192 Charge259 \u2192 Charge279 \u2192 Charge181 \u2192 Charge262 \u2192 Charge250 \u2192 Charge146 \u2192 Charge251 \u2192 Charge158 \u2192 Charge315 \u2192 Charge193 \u2192 Charge83 \u2192 Charge315 \u2192 Charge252 \u2192 Charge315 \u2192 Charge84 \u2192 Charge252 \u2192 Charge84 \u2192 Charge251 \u2192 Charge84 \u2192 Charge281 \u2192 Charge83 \u2192 DELIVERY388* \u2192 Charge176 \u2192 Charge253 \u2192 Charge83 \u2192 Charge282 \u2192 Charge82 \u2192 Charge182 \u2192 Charge195 \u2192 Charge343 \u2192 Charge253 \u2192 Charge225 \u2192 Charge117 \u2192 Charge283 \u2192 Charge117 \u2192 Charge195 \u2192 DELIVERY388* \u2192 Charge282 \u2192 Charge195 \u2192 Charge82 \u2192 Charge195 \u2192 Charge176 \u2192 DELIVERY388* \u2192 Charge176 \u2192 Charge83 \u2192 Charge252 \u2192 Charge281 \u2192 Charge83 \u2192 Charge281 \u2192 Charge132"
      },
      {
        "reward": 138.353876,
        "length": 150,
        "timestep": 57600,
        "success": true,
        "battery_used": 0,
        "recharge_count": 8,
        "pickup_done": true,
        "delivery_done": true,
        "termination_reason": "max_steps_reached",
        "curriculum_level": 0,