{
  "timestamp": "20250605_232925",
  "total_timesteps": 70000,
  "recent_episodes_count": 100,
  "success_rate": 0.15,
  "successful_episodes": {
    "count": 15,
    "avg_reward": 92.24759506666668,
    "avg_length": 150.0,
    "avg_battery_used": 0.6639736766561659,
    "best_routes": [
      {
        "reward": 138.353876,
        "length": 150,
        "timestep": 57600,
        "success": true,
        "battery_used": 0,
        "recharge_count": 8,
        "pickup_done": true,
        "delivery_done": true,
        "termination_reason": "max_steps_reached",
        "curriculum_level": 0,
        "path": [
          8,
          401,
          74,
          77,
          8,
          73,
          76,
          412,
          386,
          358,
          45,
          3,
          50,
          45,
          358,
          289,
          287,
          108,
          249,
          108,
          288,
          211,
          289,
          108,
          405,
          375,
          386,
          75,
          74,
          412,
          77,
          358,
          74,
          73,
          77,
          386,
          401,
          8,
          73,
          401,
          74,
          386,
          401,
          77,
          401,
          8,
          412,
          8,
          386,
          74,
          75,
          76,
          405,
          401,
          405,
          288,
          175,
          211,
          358,
          108,
          405,
          401,
          386,
          8,
          75,
          386,
          74,
          401,
          75,
          412,
          50,
          397,
          50,
          48,
          381,
          45,
          397,
          249,
          175,
          358,
          288,
          358,
          175,
          289,
          288,
          305,
          338,
          288,
          175,
          211,
          107,
          305,
          338,
          337,
          305,
          405,
          211,
          175,
          249,
          175,
          289,
          258,
          304,
          258,
          187,
          357
        ],
        "route_description": "Hub8 \u2192 pickup401 \u2192 Charge74 \u2192 Charge77 \u2192 Hub8 \u2192 Charge73 \u2192 Charge76 \u2192 pickup412 \u2192 DELIVERY386* \u2192 Charge358 \u2192 Charge45 \u2192 Hub3 \u2192 Charge50 \u2192 Charge45 \u2192 Charge358 \u2192 Charge289 \u2192 Charge287 \u2192 Charge108 \u2192 Charge249 \u2192 Charge108 \u2192 Charge288 \u2192 Charge211 \u2192 Charge289 \u2192 Charge108 \u2192 PICKUP405* \u2192 Charge375 \u2192 DELIVERY386* \u2192 Charge75 \u2192 Charge74 \u2192 pickup412 \u2192 Charge77 \u2192 Charge358 \u2192 Charge74 \u2192 Charge73 \u2192 Charge77 \u2192 DELIVERY386* \u2192 pickup401 \u2192 Hub8 \u2192 Charge73 \u2192 pickup401 \u2192 Charge74 \u2192 DELIVERY386* \u2192 pickup401 \u2192 Charge77 \u2192 pickup401 \u2192 Hub8 \u2192 pickup412 \u2192 Hub8 \u2192 DELIVERY386* \u2192 Charge74 \u2192 Charge75 \u2192 Charge76 \u2192 PICKUP405* \u2192 pickup401 \u2192 PICKUP405* \u2192 Charge288 \u2192 Charge175 \u2192 Charge211 \u2192 Charge358 \u2192 Charge108 \u2192 PICKUP405* \u2192 pickup401 \u2192 DELIVERY386* \u2192 Hub8 \u2192 Charge75 \u2192 DELIVERY386* \u2192 Charge74 \u2192 pickup401 \u2192 Charge75 \u2192 pickup412 \u2192 Charge50 \u2192 pickup397 \u2192 Charge50 \u2192 Charge48 \u2192 delivery381 \u2192 Charge45 \u2192 pickup397 \u2192 Charge249 \u2192 Charge175 \u2192 Charge358 \u2192 Charge288 \u2192 Charge358 \u2192 Charge175 \u2192 Charge289 \u2192 Charge288 \u2192 Charge305 \u2192 Charge338 \u2192 Charge288 \u2192 Charge175 \u2192 Charge211 \u2192 Charge107 \u2192 Charge305 \u2192 Charge338 \u2192 Charge337 \u2192 Charge305 \u2192 PICKUP405* \u2192 Charge211 \u2192 Charge175 \u2192 Charge249 \u2192 Charge175 \u2192 Charge289 \u2192 Charge258 \u2192 Charge304 \u2192 Charge258 \u2192 Charge187 \u2192 Charge357"
      },
      {
        "reward": 137.523311,
        "length": 150,
        "timestep": 63600,
        "success": true,
        "battery_used": 0,
        "recharge_count": 8,
        "pickup_done": true,
        "delivery_done": true,
        "termination_reason": "max_steps_reached",
        "curriculum_level": 0,
        "path": [
          14,
          410,
          409,
          66,
          62,
          63,
          384,
          6,
          399,
          64,
          399,
          384,
          63,
          62,
          65,
          384,
          399,
          367,
          125,
          219,
          367,
          61,
          65,
          6,
          62,
          156,
          245,
          218,
          325,
          218,
          156,
          63,
          61,
          65,
          61,
          66,
          62,
          125,
          199,
          219,
          299,
          360,
          407,
          325,
          199,
          341,
          155,
          235,
          178,
          235,
          178,
          154,
          411,
          36,
          379,
          35,
          40,
          36,
          2,
          36,
          2,
          379,
          411,
          96,
          411,
          340,
          244,
          235,
          96,
          155,
          96,
          155,
          340,
          267,
          217,
          340,
          235,
          244,
          217,
          155,
          217,
          340,
          235,
          95,
          236,
          94,
          237,
          254,
          140,
          254,
          170,
          236,
          94,
          324,
          299,
          355,
          299,
          355
        ],
        "route_description": "Hub14 \u2192 PICKUP410* \u2192 pickup409 \u2192 Charge66 \u2192 Charge62 \u2192 Charge63 \u2192 DELIVERY384* \u2192 Hub6 \u2192 pickup399 \u2192 Charge64 \u2192 pickup399 \u2192 DELIVERY384* \u2192 Charge63 \u2192 Charge62 \u2192 Charge65 \u2192 DELIVERY384* \u2192 pickup399 \u2192 Charge367 \u2192 Charge125 \u2192 Charge219 \u2192 Charge367 \u2192 Charge61 \u2192 Charge65 \u2192 Hub6 \u2192 Charge62 \u2192 Charge156 \u2192 Charge245 \u2192 Charge218 \u2192 Charge325 \u2192 Charge218 \u2192 Charge156 \u2192 Charge63 \u2192 Charge61 \u2192 Charge65 \u2192 Charge61 \u2192 Charge66 \u2192 Charge62 \u2192 Charge125 \u2192 Charge199 \u2192 Charge219 \u2192 Charge299 \u2192 Charge360 \u2192 pickup407 \u2192 Charge325 \u2192 Charge199 \u2192 Charge341 \u2192 Charge155 \u2192 Charge235 \u2192 Charge178 \u2192 Charge235 \u2192 Charge178 \u2192 Charge154 \u2192 pickup411 \u2192 Charge36 \u2192 delivery379 \u2192 Charge35 \u2192 Charge40 \u2192 Charge36 \u2192 Hub2 \u2192 Charge36 \u2192 Hub2 \u2192 delivery379 \u2192 pickup411 \u2192 Charge96 \u2192 pickup411 \u2192 Charge340 \u2192 Charge244 \u2192 Charge235 \u2192 Charge96 \u2192 Charge155 \u2192 Charge96 \u2192 Charge155 \u2192 Charge340 \u2192 Charge267 \u2192 Charge217 \u2192 Charge340 \u2192 Charge235 \u2192 Charge244 \u2192 Charge217 \u2192 Charge155 \u2192 Charge217 \u2192 Charge340 \u2192 Charge235 \u2192 Charge95 \u2192 Charge236 \u2192 Charge94 \u2192 Charge237 \u2192 Charge254 \u2192 Charge140 \u2192 Charge254 \u2192 Charge170 \u2192 Charge236 \u2192 Charge94 \u2192 Charge324 \u2192 Charge299 \u2192 Charge355 \u2192 Charge299 \u2192 Charge355"
      },
      {
        "reward": 128.061796,
        "length": 150,
        "timestep": 56400,
        "success": true,
        "battery_used": 0,
        "recharge_count": 12,
        "pickup_done": true,
        "delivery_done": true,
        "termination_reason": "max_steps_reached",
        "curriculum_level": 0,