{
  "timestamp": "20250605_232916",
  "total_timesteps": 50000,
  "recent_episodes_count": 100,
  "success_rate": 0.11,
  "successful_episodes": {
    "count": 11,
    "avg_reward": 94.82065181818183,
    "avg_length": 150.0,
    "avg_battery_used": 0.0,
    "best_routes": [
      {
        "reward": 137.531119,
        "length": 150,
        "timestep": 48000,
        "success": true,
        "battery_used": 0,
        "recharge_count": 9,
        "pickup_done": true,
        "delivery_done": true,
        "termination_reason": "max_steps_reached",
        "curriculum_level": 0,
        "path": [
          8,
          77,
          74,
          401,
          75,
          8,
          76,
          401,
          76,
          74,
          386,
          77,
          375,
          405,
          358,
          288,
          108,
          289,
          174,
          210,
          357,
          289,
          358,
          288,
          175,
          211,
          305,
          107,
          288,
          289,
          288,
          108,
          175,
          249,
          175,
          249,
          381,
          3,
          370,
          412,
          75,
          8,
          73,
          74,
          73,
          386,
          358,
          401,
          412,
          50,
          381,
          48,
          49,
          48,
          49,
          50,
          47,
          49,
          249,
          48,
          49,
          45,
          50,
          48,
          381,
          397,
          249,
          46,
          397,
          49,
          46,
          50,
          249,
          49,
          47,
          46,
          45,
          370,
          46,
          370,
          47,
          49,
          50,
          381,
          397,
          249,
          370,
          412,
          77,
          76,
          74,
          386,
          412,
          50,
          3,
          48,
          304,
          221,
          248,
          357,
          108,
          357,
          108,
          175,
          358,
          211,
          405
        ],
        "route_description": "Hub8 \u2192 Charge77 \u2192 Charge74 \u2192 pickup401 \u2192 Charge75 \u2192 Hub8 \u2192 Charge76 \u2192 pickup401 \u2192 Charge76 \u2192 Charge74 \u2192 DELIVERY386* \u2192 Charge77 \u2192 Charge375 \u2192 pickup405 \u2192 Charge358 \u2192 Charge288 \u2192 Charge108 \u2192 Charge289 \u2192 Charge174 \u2192 Charge210 \u2192 Charge357 \u2192 Charge289 \u2192 Charge358 \u2192 Charge288 \u2192 Charge175 \u2192 Charge211 \u2192 Charge305 \u2192 Charge107 \u2192 Charge288 \u2192 Charge289 \u2192 Charge288 \u2192 Charge108 \u2192 Charge175 \u2192 Charge249 \u2192 Charge175 \u2192 Charge249 \u2192 delivery381 \u2192 Hub3 \u2192 Charge370 \u2192 PICKUP412* \u2192 Charge75 \u2192 Hub8 \u2192 Charge73 \u2192 Charge74 \u2192 Charge73 \u2192 DELIVERY386* \u2192 Charge358 \u2192 pickup401 \u2192 PICKUP412* \u2192 Charge50 \u2192 delivery381 \u2192 Charge48 \u2192 Charge49 \u2192 Charge48 \u2192 Charge49 \u2192 Charge50 \u2192 Charge47 \u2192 Charge49 \u2192 Charge249 \u2192 Charge48 \u2192 Charge49 \u2192 Charge45 \u2192 Charge50 \u2192 Charge48 \u2192 delivery381 \u2192 pickup397 \u2192 Charge249 \u2192 Charge46 \u2192 pickup397 \u2192 Charge49 \u2192 Charge46 \u2192 Charge50 \u2192 Charge249 \u2192 Charge49 \u2192 Charge47 \u2192 Charge46 \u2192 Charge45 \u2192 Charge370 \u2192 Charge46 \u2192 Charge370 \u2192 Charge47 \u2192 Charge49 \u2192 Charge50 \u2192 delivery381 \u2192 pickup397 \u2192 Charge249 \u2192 Charge370 \u2192 PICKUP412* \u2192 Charge77 \u2192 Charge76 \u2192 Charge74 \u2192 DELIVERY386* \u2192 PICKUP412* \u2192 Charge50 \u2192 Hub3 \u2192 Charge48 \u2192 Charge304 \u2192 Charge221 \u2192 Charge248 \u2192 Charge357 \u2192 Charge108 \u2192 Charge357 \u2192 Charge108 \u2192 Charge175 \u2192 Charge358 \u2192 Charge211 \u2192 pickup405"
      },
      {
        "reward": 135.808467,
        "length": 150,
        "timestep": 38400,
        "success": true,
        "battery_used": 0,
        "recharge_count": 10,
        "pickup_done": true,
        "delivery_done": true,
        "termination_reason": "max_steps_reached",
        "curriculum_level": 0,
        "path": [
          8,
          73,
          77,
          401,
          358,
          108,
          211,
          175,
          288,
          130,
          305,
          106,
          129,
          305,
          107,
          338,
          375,
          338,
          305,
          288,
          249,
          175,
          211,
          305,
          306,
          129,
          413,
          210,
          290,
          286,
          122,
          362,
          406,
          122,
          185,
          256,
          285,
          19,
          285,
          185,
          209,
          19,
          13,
          92,
          19,
          208,
          13,
          392,
          115,
          13,
          208,
          92,
          91,
          363,
          337,
          106,
          363,
          91,
          291,
          406,
          210,
          287,
          210,
          107,
          211,
          108,
          289,
          288,
          130,
          375,
          73,
          8,
          386,
          77,
          76,
          370,
          47,
          49,
          3,
          221,
          369,
          304,
          144,
          304,
          258,
          357,
          258,
          369,
          47,
          50,
          370,
          358,
          73,
          75,
          386,
          375,
          405,
          211,
          249,
          397,
          46,
          370,
          397,
          3,
          381,
          370,
          401,
          386,
          77
        ],
        "route_description": "Hub8 \u2192 Charge73 \u2192 Charge77 \u2192 pickup401 \u2192 Charge358 \u2192 Charge108 \u2192 Charge211 \u2192 Charge175 \u2192 Charge288 \u2192 Charge130 \u2192 Charge305 \u2192 Charge106 \u2192 Charge129 \u2192 Charge305 \u2192 Charge107 \u2192 Charge338 \u2192 Charge375 \u2192 Charge338 \u2192 Charge305 \u2192 Charge288 \u2192 Charge249 \u2192 Charge175 \u2192 Charge211 \u2192 Charge305 \u2192 Charge306 \u2192 Charge129 \u2192 pickup413 \u2192 Charge210 \u2192 Charge290 \u2192 Charge286 \u2192 Charge122 \u2192 Charge362 \u2192 pickup406 \u2192 Charge122 \u2192 Charge185 \u2192 Charge256 \u2192 Charge285 \u2192 Hub19 \u2192 Charge285 \u2192 Charge185 \u2192 Charge209 \u2192 Hub19 \u2192 Hub13 \u2192 Charge92 \u2192 Hub19 \u2192 Charge208 \u2192 Hub13 \u2192 delivery392 \u2192 Charge115 \u2192 Hub13 \u2192 Charge208 \u2192 Charge92 \u2192 Charge91 \u2192 Charge363 \u2192 Charge337 \u2192 Charge106 \u2192 Charge363 \u2192 Charge91 \u2192 Charge291 \u2192 pickup406 \u2192 Charge210 \u2192 Charge287 \u2192 Charge210 \u2192 Charge107 \u2192 Charge211 \u2192 Charge108 \u2192 Charge289 \u2192 Charge288 \u2192 Charge130 \u2192 Charge375 \u2192 Charge73 \u2192 Hub8 \u2192 DELIVERY386* \u2192 Charge77 \u2192 Charge76 \u2192 Charge370 \u2192 Charge47 \u2192 Charge49 \u2192 Hub3 \u2192 Charge221 \u2192 Charge369 \u2192 Charge304 \u2192 Charge144 \u2192 Charge304 \u2192 Charge258 \u2192 Charge357 \u2192 Charge258 \u2192 Charge369 \u2192 Charge47 \u2192 Charge50 \u2192 Charge370 \u2192 Charge358 \u2192 Charge73 \u2192 Charge75 \u2192 DELIVERY386* \u2192 Charge375 \u2192 PICKUP405* \u2192 Charge211 \u2192 Charge249 \u2192 pickup397 \u2192 Charge46 \u2192 Charge370 \u2192 pickup397 \u2192 Hub3 \u2192 delivery381 \u2192 Charge370 \u2192 pickup401 \u2192 DELIVERY386* \u2192 Charge77"
      },
      {
        "reward": 131.901286,
        "length": 150,
        "timestep": 49200,
        "success": true,
        "battery_used": 0,
        "recharge_count": 12,
        "pickup_done": true,
        "delivery_done": true,