{
  "timestamp": "20250605_232904",
  "total_timesteps": 30000,
  "recent_episodes_count": 100,
  "success_rate": 0.09,
  "successful_episodes": {
    "count": 9,
    "avg_reward": 124.69636633333332,
    "avg_length": 150.0,
    "avg_battery_used": 0.0,
    "best_routes": [
      {
        "reward": 146.774673,
        "length": 150,
        "timestep": 30000,
        "success": true,
        "battery_used": 0,
        "recharge_count": 10,
        "pickup_done": true,
        "delivery_done": true,
        "termination_reason": "max_steps_reached",
        "curriculum_level": 0,
        "path": [
          3,
          47,
          46,
          175,
          358,
          289,
          287,
          357,
          248,
          297,
          258,
          304,
          47,
          3,
          397,
          381,
          45,
          48,
          49,
          397,
          46,
          358,
          76,
          386,
          8,
          75,
          74,
          401,
          74,
          130,
          374,
          375,
          374,
          373,
          374,
          375,
          305,
          375,
          374,
          129,
          338,
          405,
          288,
          175,
          288,
          175,
          74,
          76,
          8,
          386,
          401,
          77,
          75,
          74,
          75,
          358,
          397,
          46,
          50,
          47,
          381,
          249,
          47,
          45,
          358,
          108,
          288,
          108,
          289,
          210,
          357,
          187,
          357,
          108,
          211,
          107,
          287,
          107,
          210,
          174,
          289,
          287,
          290,
          287,
          187,
          297,
          174,
          144,
          16,
          247,
          220,
          367,
          66,
          367,
          219,
          359,
          246,
          407,
          142,
          355,
          299,
          124,
          407,
          142,
          407,
          246,
          407
        ],
        "route_description": "Hub3 \u2192 Charge47 \u2192 Charge46 \u2192 Charge175 \u2192 Charge358 \u2192 Charge289 \u2192 Charge287 \u2192 Charge357 \u2192 Charge248 \u2192 Charge297 \u2192 Charge258 \u2192 Charge304 \u2192 Charge47 \u2192 Hub3 \u2192 PICKUP397* \u2192 delivery381 \u2192 Charge45 \u2192 Charge48 \u2192 Charge49 \u2192 PICKUP397* \u2192 Charge46 \u2192 Charge358 \u2192 Charge76 \u2192 DELIVERY386* \u2192 Hub8 \u2192 Charge75 \u2192 Charge74 \u2192 pickup401 \u2192 Charge74 \u2192 Charge130 \u2192 Charge374 \u2192 Charge375 \u2192 Charge374 \u2192 Charge373 \u2192 Charge374 \u2192 Charge375 \u2192 Charge305 \u2192 Charge375 \u2192 Charge374 \u2192 Charge129 \u2192 Charge338 \u2192 pickup405 \u2192 Charge288 \u2192 Charge175 \u2192 Charge288 \u2192 Charge175 \u2192 Charge74 \u2192 Charge76 \u2192 Hub8 \u2192 DELIVERY386* \u2192 pickup401 \u2192 Charge77 \u2192 Charge75 \u2192 Charge74 \u2192 Charge75 \u2192 Charge358 \u2192 PICKUP397* \u2192 Charge46 \u2192 Charge50 \u2192 Charge47 \u2192 delivery381 \u2192 Charge249 \u2192 Charge47 \u2192 Charge45 \u2192 Charge358 \u2192 Charge108 \u2192 Charge288 \u2192 Charge108 \u2192 Charge289 \u2192 Charge210 \u2192 Charge357 \u2192 Charge187 \u2192 Charge357 \u2192 Charge108 \u2192 Charge211 \u2192 Charge107 \u2192 Charge287 \u2192 Charge107 \u2192 Charge210 \u2192 Charge174 \u2192 Charge289 \u2192 Charge287 \u2192 Charge290 \u2192 Charge287 \u2192 Charge187 \u2192 Charge297 \u2192 Charge174 \u2192 Charge144 \u2192 Hub16 \u2192 Charge247 \u2192 Charge220 \u2192 Charge367 \u2192 Charge66 \u2192 Charge367 \u2192 Charge219 \u2192 Charge359 \u2192 Charge246 \u2192 pickup407 \u2192 Charge142 \u2192 Charge355 \u2192 Charge299 \u2192 Charge124 \u2192 pickup407 \u2192 Charge142 \u2192 pickup407 \u2192 Charge246 \u2192 pickup407"
      },
      {
        "reward": 146.686414,
        "length": 150,
        "timestep": 24000,
        "success": true,
        "battery_used": 0,
        "recharge_count": 6,
        "pickup_done": true,
        "delivery_done": true,
        "termination_reason": "max_steps_reached",
        "curriculum_level": 0,
        "path": [
          3,
          50,
          370,
          358,
          397,
          370,
          45,
          46,
          47,
          381,
          49,
          45,
          249,
          381,
          370,
          381,
          45,
          49,
          48,
          370,
          49,
          47,
          397,
          249,
          370,
          50,
          370,
          49,
          50,
          45,
          381,
          397,
          48,
          249,
          370,
          249,
          397,
          47,
          49,
          370,
          381,
          48,
          47,
          50,
          370,
          48,
          50,
          370,
          48,
          397,
          49,
          47,
          45,
          381,
          46,
          45,
          381,
          48,
          304,
          221,
          248,
          144,
          258,
          248,
          221,
          16,
          143,
          247,
          257,
          356,
          173,
          257,
          143,
          298,
          360,
          247,
          220,
          247,
          368,
          367,
          61,
          384,
          63,
          65,
          6,
          63,
          384,
          65,
          6,
          62,
          384,
          6,
          65,
          156,
          218,
          62,
          384,
          399,
          367,
          61,
          66,
          63,
          384,
          399,
          61,
          384,
          6,
          399,
          66,
          65,
          399
        ],
        "route_description": "Hub3 \u2192 Charge50 \u2192 Charge370 \u2192 Charge358 \u2192 PICKUP397* \u2192 Charge370 \u2192 Charge45 \u2192 Charge46 \u2192 Charge47 \u2192 DELIVERY381* \u2192 Charge49 \u2192 Charge45 \u2192 Charge249 \u2192 DELIVERY381* \u2192 Charge370 \u2192 DELIVERY381* \u2192 Charge45 \u2192 Charge49 \u2192 Charge48 \u2192 Charge370 \u2192 Charge49 \u2192 Charge47 \u2192 PICKUP397* \u2192 Charge249 \u2192 Charge370 \u2192 Charge50 \u2192 Charge370 \u2192 Charge49 \u2192 Charge50 \u2192 Charge45 \u2192 DELIVERY381* \u2192 PICKUP397* \u2192 Charge48 \u2192 Charge249 \u2192 Charge370 \u2192 Charge249 \u2192 PICKUP397* \u2192 Charge47 \u2192 Charge49 \u2192 Charge370 \u2192 DELIVERY381* \u2192 Charge48 \u2192 Charge47 \u2192 Charge50 \u2192 Charge370 \u2192 Charge48 \u2192 Charge50 \u2192 Charge370 \u2192 Charge48 \u2192 PICKUP397* \u2192 Charge49 \u2192 Charge47 \u2192 Charge45 \u2192 DELIVERY381* \u2192 Charge46 \u2192 Charge45 \u2192 DELIVERY381* \u2192 Charge48 \u2192 Charge304 \u2192 Charge221 \u2192 Charge248 \u2192 Charge144 \u2192 Charge258 \u2192 Charge248 \u2192 Charge221 \u2192 Hub16 \u2192 Charge143 \u2192 Charge247 \u2192 Charge257 \u2192 Charge356 \u2192 Charge173 \u2192 Charge257 \u2192 Charge143 \u2192 Charge298 \u2192 Charge360 \u2192 Charge247 \u2192 Charge220 \u2192 Charge247 \u2192 Charge368 \u2192 Charge367 \u2192 Charge61 \u2192 delivery384 \u2192 Charge63 \u2192 Charge65 \u2192 Hub6 \u2192 Charge63 \u2192 delivery384 \u2192 Charge65 \u2192 Hub6 \u2192 Charge62 \u2192 delivery384 \u2192 Hub6 \u2192 Charge65 \u2192 Charge156 \u2192 Charge218 \u2192 Charge62 \u2192 delivery384 \u2192 pickup399 \u2192 Charge367 \u2192 Charge61 \u2192 Charge66 \u2192 Charge63 \u2192 delivery384 \u2192 pickup399 \u2192 Charge61 \u2192 delivery384 \u2192 Hub6 \u2192 pickup399 \u2192 Charge66 \u2192 Charge65 \u2192 pickup399"
      },
      {
        "reward": 146.285019,
        "length": 150,
        "timestep": 18000,
        "success": true,
        "battery_used": 0,