{
  "timestamp": "20250605_232941",
  "total_timesteps": 100000,
  "recent_episodes_count": 100,
  "success_rate": 0.13,
  "successful_episodes": {
    "count": 13,
    "avg_reward": 102.98381099999999,
    "avg_length": 150.0,
    "avg_battery_used": 0.0,
    "best_routes": [
      {
        "reward": 160.817246,
        "length": 150,
        "timestep": 94800,
        "success": true,
        "battery_used": 0,
        "recharge_count": 10,
        "pickup_done": true,
        "delivery_done": true,
        "termination_reason": "max_steps_reached",
        "curriculum_level": 0,
        "path": [
          1,
          30,
          29,
          396,
          160,
          396,
          101,
          34,
          32,
          33,
          29,
          226,
          378,
          30,
          1,
          388,
          192,
          32,
          160,
          31,
          378,
          31,
          33,
          160,
          34,
          31,
          29,
          396,
          30,
          33,
          388,
          83,
          281,
          83,
          192,
          83,
          192,
          388,
          33,
          32,
          30,
          31,
          160,
          34,
          32,
          29,
          396,
          31,
          29,
          32,
          160,
          1,
          31,
          34,
          160,
          31,
          29,
          34,
          33,
          29,
          34,
          396,
          378,
          29,
          31,
          101,
          32,
          378,
          160,
          396,
          33,
          30,
          396,
          378,
          33,
          1,
          378,
          314,
          30,
          31,
          101,
          313,
          314,
          147,
          271,
          270,
          103,
          180,
          181,
          180,
          270,
          271,
          147,
          102,
          271,
          102,
          133,
          102,
          313,
          390,
          271,
          179,
          271,
          103,
          147,
          390,
          314,
          32,
          102,
          390,
          272,
          313,
          312,
          311,
          190,
          189,
          188
        ],
        "route_description": "Hub1 \u2192 Charge30 \u2192 Charge29 \u2192 PICKUP396* \u2192 Charge160 \u2192 PICKUP396* \u2192 Charge101 \u2192 Charge34 \u2192 Charge32 \u2192 Charge33 \u2192 Charge29 \u2192 Charge226 \u2192 DELIVERY378* \u2192 Charge30 \u2192 Hub1 \u2192 delivery388 \u2192 Charge192 \u2192 Charge32 \u2192 Charge160 \u2192 Charge31 \u2192 DELIVERY378* \u2192 Charge31 \u2192 Charge33 \u2192 Charge160 \u2192 Charge34 \u2192 Charge31 \u2192 Charge29 \u2192 PICKUP396* \u2192 Charge30 \u2192 Charge33 \u2192 delivery388 \u2192 Charge83 \u2192 Charge281 \u2192 Charge83 \u2192 Charge192 \u2192 Charge83 \u2192 Charge192 \u2192 delivery388 \u2192 Charge33 \u2192 Charge32 \u2192 Charge30 \u2192 Charge31 \u2192 Charge160 \u2192 Charge34 \u2192 Charge32 \u2192 Charge29 \u2192 PICKUP396* \u2192 Charge31 \u2192 Charge29 \u2192 Charge32 \u2192 Charge160 \u2192 Hub1 \u2192 Charge31 \u2192 Charge34 \u2192 Charge160 \u2192 Charge31 \u2192 Charge29 \u2192 Charge34 \u2192 Charge33 \u2192 Charge29 \u2192 Charge34 \u2192 PICKUP396* \u2192 DELIVERY378* \u2192 Charge29 \u2192 Charge31 \u2192 Charge101 \u2192 Charge32 \u2192 DELIVERY378* \u2192 Charge160 \u2192 PICKUP396* \u2192 Charge33 \u2192 Charge30 \u2192 PICKUP396* \u2192 DELIVERY378* \u2192 Charge33 \u2192 Hub1 \u2192 DELIVERY378* \u2192 Charge314 \u2192 Charge30 \u2192 Charge31 \u2192 Charge101 \u2192 Charge313 \u2192 Charge314 \u2192 Charge147 \u2192 Charge271 \u2192 Charge270 \u2192 Charge103 \u2192 Charge180 \u2192 Charge181 \u2192 Charge180 \u2192 Charge270 \u2192 Charge271 \u2192 Charge147 \u2192 Charge102 \u2192 Charge271 \u2192 Charge102 \u2192 Charge133 \u2192 Charge102 \u2192 Charge313 \u2192 delivery390 \u2192 Charge271 \u2192 Charge179 \u2192 Charge271 \u2192 Charge103 \u2192 Charge147 \u2192 delivery390 \u2192 Charge314 \u2192 Charge32 \u2192 Charge102 \u2192 delivery390 \u2192 Charge272 \u2192 Charge313 \u2192 Charge312 \u2192 Charge311 \u2192 Charge190 \u2192 Charge189 \u2192 Charge188"
      },
      {
        "reward": 160.293456,
        "length": 150,
        "timestep": 97200,
        "success": true,
        "battery_used": 0,
        "recharge_count": 10,
        "pickup_done": true,
        "delivery_done": true,
        "termination_reason": "max_steps_reached",
        "curriculum_level": 0,
        "path": [
          16,
          144,
          187,
          144,
          357,
          297,
          221,
          369,
          3,
          50,
          249,
          50,
          370,
          401,
          386,
          8,
          401,
          77,
          8,
          76,
          8,
          77,
          401,
          74,
          386,
          73,
          77,
          386,
          74,
          75,
          76,
          8,
          75,
          76,
          8,
          386,
          75,
          76,
          8,
          75,
          8,
          73,
          75,
          8,
          401,
          358,
          288,
          405,
          74,
          358,
          289,
          287,
          210,
          357,
          248,
          357,
          174,
          186,
          143,
          16,
          368,
          221,
          16,
          220,
          368,
          247,
          407,
          325,
          125,
          246,
          359,
          125,
          61,
          62,
          63,
          234,
          218,
          341,
          245,
          325,
          359,
          220,
          16,
          247,
          360,
          124,
          143,
          186,
          173,
          298,
          368,
          369,
          47,
          397,
          48,
          46,
          381,
          45,
          48,
          46,
          47,
          49,
          46,
          249,
          48,
          45,
          46,
          381,
          50,
          46,
          175,
          249,
          45,
          249,
          358,
          74,
          75,
          405
        ],