{
  "timestamp": "20250605_232855",
  "total_timesteps": 10000,
  "recent_episodes_count": 64,
  "success_rate": 0.171875,
  "successful_episodes": {
    "count": 11,
    "avg_reward": 91.80087263636364,
    "avg_length": 150.0,
    "avg_battery_used": 9.07964222708168,
    "best_routes": [
      {
        "reward": 145.178915,
        "length": 150,
        "timestep": 6000,
        "success": true,
        "battery_used": 0,
        "recharge_count": 12,
        "pickup_done": true,
        "delivery_done": true,
        "termination_reason": "max_steps_reached",
        "curriculum_level": 0,
        "path": [
          2,
          231,
          40,
          35,
          379,
          40,
          35,
          411,
          379,
          37,
          411,
          379,
          36,
          2,
          40,
          410,
          234,
          218,
          234,
          268,
          234,
          268,
          245,
          268,
          155,
          244,
          340,
          244,
          340,
          155,
          217,
          410,
          379,
          39,
          37,
          36,
          38,
          233,
          40,
          231,
          40,
          37,
          38,
          395,
          135,
          212,
          135,
          212,
          222,
          96,
          267,
          96,
          244,
          267,
          96,
          235,
          178,
          222,
          96,
          178,
          153,
          339,
          152,
          5,
          383,
          398,
          383,
          5,
          152,
          168,
          265,
          223,
          266,
          223,
          302,
          223,
          302,
          352,
          177,
          153,
          178,
          266,
          223,
          352,
          177,
          265,
          303,
          232,
          303,
          342,
          168,
          138,
          351,
          213,
          57,
          5,
          214,
          151,
          28,
          377,
          27,
          26,
          27,
          9,
          260,
          28,
          27,
          215
        ],
        "route_description": "Hub2 \u2192 Charge231 \u2192 Charge40 \u2192 Charge35 \u2192 delivery379 \u2192 Charge40 \u2192 Charge35 \u2192 PICKUP411* \u2192 delivery379 \u2192 Charge37 \u2192 PICKUP411* \u2192 delivery379 \u2192 Charge36 \u2192 Hub2 \u2192 Charge40 \u2192 pickup410 \u2192 Charge234 \u2192 Charge218 \u2192 Charge234 \u2192 Charge268 \u2192 Charge234 \u2192 Charge268 \u2192 Charge245 \u2192 Charge268 \u2192 Charge155 \u2192 Charge244 \u2192 Charge340 \u2192 Charge244 \u2192 Charge340 \u2192 Charge155 \u2192 Charge217 \u2192 pickup410 \u2192 delivery379 \u2192 Charge39 \u2192 Charge37 \u2192 Charge36 \u2192 Charge38 \u2192 Charge233 \u2192 Charge40 \u2192 Charge231 \u2192 Charge40 \u2192 Charge37 \u2192 Charge38 \u2192 delivery395 \u2192 Charge135 \u2192 Charge212 \u2192 Charge135 \u2192 Charge212 \u2192 Charge222 \u2192 Charge96 \u2192 Charge267 \u2192 Charge96 \u2192 Charge244 \u2192 Charge267 \u2192 Charge96 \u2192 Charge235 \u2192 Charge178 \u2192 Charge222 \u2192 Charge96 \u2192 Charge178 \u2192 Charge153 \u2192 Charge339 \u2192 Charge152 \u2192 Hub5 \u2192 DELIVERY383* \u2192 pickup398 \u2192 DELIVERY383* \u2192 Hub5 \u2192 Charge152 \u2192 Charge168 \u2192 Charge265 \u2192 Charge223 \u2192 Charge266 \u2192 Charge223 \u2192 Charge302 \u2192 Charge223 \u2192 Charge302 \u2192 Charge352 \u2192 Charge177 \u2192 Charge153 \u2192 Charge178 \u2192 Charge266 \u2192 Charge223 \u2192 Charge352 \u2192 Charge177 \u2192 Charge265 \u2192 Charge303 \u2192 Charge232 \u2192 Charge303 \u2192 Charge342 \u2192 Charge168 \u2192 Charge138 \u2192 Charge351 \u2192 Charge213 \u2192 Charge57 \u2192 Hub5 \u2192 Charge214 \u2192 Charge151 \u2192 Charge28 \u2192 delivery377 \u2192 Charge27 \u2192 Charge26 \u2192 Charge27 \u2192 Hub9 \u2192 Charge260 \u2192 Charge28 \u2192 Charge27 \u2192 Charge215"
      },
      {
        "reward": 143.769233,
        "length": 150,
        "timestep": 6000,
        "success": true,
        "battery_used": 0,
        "recharge_count": 11,
        "pickup_done": true,
        "delivery_done": true,
        "termination_reason": "max_steps_reached",
        "curriculum_level": 0,
        "path": [
          14,
          410,
          233,
          155,
          217,
          268,
          155,
          341,
          244,
          340,
          411,
          36,
          231,
          37,
          379,
          39,
          36,
          411,
          38,
          40,
          38,
          36,
          231,
          178,
          153,
          339,
          395,
          232,
          153,
          177,
          265,
          339,
          232,
          153,
          232,
          5,
          134,
          339,
          213,
          339,
          232,
          213,
          5,
          58,
          60,
          58,
          60,
          383,
          57,
          383,
          213,
          5,
          398,
          57,
          5,
          59,
          151,
          214,
          58,
          214,
          261,
          131,
          263,
          145,
          85,
          261,
          403,
          316,
          167,
          263,
          85,
          157,
          263,
          403,
          85,
          167,
          403,
          261,
          215,
          26,
          9,
          377,
          26,
          261,
          150,
          26,
          131,
          167,
          264,
          316,
          264,
          137,
          85,
          215,
          28,
          27,
          377,
          9,
          216,
          279,
          180,
          280,
          132,
          263,
          145,
          85
        ],
        "route_description": "Hub14 \u2192 PICKUP410* \u2192 Charge233 \u2192 Charge155 \u2192 Charge217 \u2192 Charge268 \u2192 Charge155 \u2192 Charge341 \u2192 Charge244 \u2192 Charge340 \u2192 pickup411 \u2192 Charge36 \u2192 Charge231 \u2192 Charge37 \u2192 delivery379 \u2192 Charge39 \u2192 Charge36 \u2192 pickup411 \u2192 Charge38 \u2192 Charge40 \u2192 Charge38 \u2192 Charge36 \u2192 Charge231 \u2192 Charge178 \u2192 Charge153 \u2192 Charge339 \u2192 DELIVERY395* \u2192 Charge232 \u2192 Charge153 \u2192 Charge177 \u2192 Charge265 \u2192 Charge339 \u2192 Charge232 \u2192 Charge153 \u2192 Charge232 \u2192 Hub5 \u2192 Charge134 \u2192 Charge339 \u2192 Charge213 \u2192 Charge339 \u2192 Charge232 \u2192 Charge213 \u2192 Hub5 \u2192 Charge58 \u2192 Charge60 \u2192 Charge58 \u2192 Charge60 \u2192 delivery383 \u2192 Charge57 \u2192 delivery383 \u2192 Charge213 \u2192 Hub5 \u2192 pickup398 \u2192 Charge57 \u2192 Hub5 \u2192 Charge59 \u2192 Charge151 \u2192 Charge214 \u2192 Charge58 \u2192 Charge214 \u2192 Charge261 \u2192 Charge131 \u2192 Charge263 \u2192 Charge145 \u2192 Charge85 \u2192 Charge261 \u2192 pickup403 \u2192 Charge316 \u2192 Charge167 \u2192 Charge263 \u2192 Charge85 \u2192 Charge157 \u2192 Charge263 \u2192 pickup403 \u2192 Charge85 \u2192 Charge167 \u2192 pickup403 \u2192 Charge261 \u2192 Charge215 \u2192 Charge26 \u2192 Hub9 \u2192 delivery377 \u2192 Charge26 \u2192 Charge261 \u2192 Charge150 \u2192 Charge26 \u2192 Charge131 \u2192 Charge167 \u2192 Charge264 \u2192 Charge316 \u2192 Charge264 \u2192 Charge137 \u2192 Charge85 \u2192 Charge215 \u2192 Charge28 \u2192 Charge27 \u2192 delivery377 \u2192 Hub9 \u2192 Charge216 \u2192 Charge279 \u2192 Charge180 \u2192 Charge280 \u2192 Charge132 \u2192 Charge263 \u2192 Charge145 \u2192 Charge85"
      },
      {
        "reward": 134.378385,
        "length": 150,
        "timestep": 1200,
        "success": true,
        "battery_used": 0,
        "recharge_count": 11,
        "pickup_done": true,
        "delivery_done": true,