{
  "training_completed": false,
  "total_timesteps": 147456,
  "training_time_hours": 0.03413279804918501,
  "best_mean_reward": -93.31698278125,
  "final_metrics": {
    "mean_reward": -110.68902630635245,
    "std_reward": 91.98303675387508,
    "success_rate": 0.11,
    "mean_episode_length": 150.0
  },
  "total_episodes": 976
}